"year","code","value","system","subtype"
1972,"PAV.SHRIMP.CPUE",2.668,"WGOA","abundance"
1973,"PAV.SHRIMP.CPUE",2.267,"WGOA","abundance"
1974,"PAV.SHRIMP.CPUE",2.831,"WGOA","abundance"
1975,"PAV.SHRIMP.CPUE",2.566,"WGOA","abundance"
1976,"PAV.SHRIMP.CPUE",2.781,"WGOA","abundance"
1977,"PAV.SHRIMP.CPUE",2.778,"WGOA","abundance"
1978,"PAV.SHRIMP.CPUE",2.27,"WGOA","abundance"
1979,"PAV.SHRIMP.CPUE",0.934,"WGOA","abundance"
1980,"PAV.SHRIMP.CPUE",1.095,"WGOA","abundance"
1981,"PAV.SHRIMP.CPUE",1.561,"WGOA","abundance"
1982,"PAV.SHRIMP.CPUE",0.91,"WGOA","abundance"
1983,"PAV.SHRIMP.CPUE",1.44,"WGOA","abundance"
1984,"PAV.SHRIMP.CPUE",0.445,"WGOA","abundance"
1985,"PAV.SHRIMP.CPUE",0.754,"WGOA","abundance"
1986,"PAV.SHRIMP.CPUE",1.367,"WGOA","abundance"
1987,"PAV.SHRIMP.CPUE",0.131,"WGOA","abundance"
1988,"PAV.SHRIMP.CPUE",0.075,"WGOA","abundance"
1989,"PAV.SHRIMP.CPUE",0.6,"WGOA","abundance"
1990,"PAV.SHRIMP.CPUE",0.572,"WGOA","abundance"
1991,"PAV.SHRIMP.CPUE",1.176,"WGOA","abundance"
1992,"PAV.SHRIMP.CPUE",0.873,"WGOA","abundance"
1993,"PAV.SHRIMP.CPUE",0.315,"WGOA","abundance"
1994,"PAV.SHRIMP.CPUE",-0.313,"WGOA","abundance"
1995,"PAV.SHRIMP.CPUE",-0.252,"WGOA","abundance"
1996,"PAV.SHRIMP.CPUE",0.97,"WGOA","abundance"
1997,"PAV.SHRIMP.CPUE",0.12,"WGOA","abundance"
1998,"PAV.SHRIMP.CPUE",0.281,"WGOA","abundance"
1999,"PAV.SHRIMP.CPUE",-0.424,"WGOA","abundance"
2000,"PAV.SHRIMP.CPUE",0.266,"WGOA","abundance"
2001,"PAV.SHRIMP.CPUE",0.114,"WGOA","abundance"
2002,"PAV.SHRIMP.CPUE",-0.382,"WGOA","abundance"
2003,"PAV.SHRIMP.CPUE",-0.362,"WGOA","abundance"
2004,"PAV.SHRIMP.CPUE",0.229,"WGOA","abundance"
2005,"PAV.SHRIMP.CPUE",-0.088,"WGOA","abundance"
2006,"PAV.SHRIMP.CPUE",-0.886,"WGOA","abundance"
2007,"PAV.SHRIMP.CPUE",-0.804,"WGOA","abundance"
2008,"PAV.SHRIMP.CPUE",-0.972,"WGOA","abundance"
2009,"PAV.SHRIMP.CPUE",0.427,"WGOA","abundance"
2010,"PAV.SHRIMP.CPUE",-0.25,"WGOA","abundance"
2011,"PAV.SHRIMP.CPUE",-0.42,"WGOA","abundance"
2012,"PAV.SHRIMP.CPUE",0.042,"WGOA","abundance"
2013,"PAV.SHRIMP.CPUE",-0.146,"WGOA","abundance"
2014,"PAV.SHRIMP.CPUE",-0.272,"WGOA","abundance"
2015,"PAV.SHRIMP.CPUE",0.049,"WGOA","abundance"
1972,"PAV.CAPELIN.CPUE",1.037,"WGOA","abundance"
1973,"PAV.CAPELIN.CPUE",0.575,"WGOA","abundance"
1974,"PAV.CAPELIN.CPUE",1.338,"WGOA","abundance"
1975,"PAV.CAPELIN.CPUE",0.304,"WGOA","abundance"
1976,"PAV.CAPELIN.CPUE",-0.263,"WGOA","abundance"
1977,"PAV.CAPELIN.CPUE",1.167,"WGOA","abundance"
1978,"PAV.CAPELIN.CPUE",-0.631,"WGOA","abundance"
1979,"PAV.CAPELIN.CPUE",-0.742,"WGOA","abundance"
1980,"PAV.CAPELIN.CPUE",0.06,"WGOA","abundance"
1981,"PAV.CAPELIN.CPUE",0.119,"WGOA","abundance"
1982,"PAV.CAPELIN.CPUE",-0.545,"WGOA","abundance"
1983,"PAV.CAPELIN.CPUE",-1.571,"WGOA","abundance"
1984,"PAV.CAPELIN.CPUE",-1.396,"WGOA","abundance"
1985,"PAV.CAPELIN.CPUE",-1.666,"WGOA","abundance"
1986,"PAV.CAPELIN.CPUE",-1.002,"WGOA","abundance"
1987,"PAV.CAPELIN.CPUE",-1.869,"WGOA","abundance"
1988,"PAV.CAPELIN.CPUE",-1.516,"WGOA","abundance"
1989,"PAV.CAPELIN.CPUE",-1.658,"WGOA","abundance"
1990,"PAV.CAPELIN.CPUE",-1.692,"WGOA","abundance"
1991,"PAV.CAPELIN.CPUE",-1.597,"WGOA","abundance"
1992,"PAV.CAPELIN.CPUE",-1.917,"WGOA","abundance"
1993,"PAV.CAPELIN.CPUE",-1.956,"WGOA","abundance"
1994,"PAV.CAPELIN.CPUE",-1.944,"WGOA","abundance"
1995,"PAV.CAPELIN.CPUE",-1.949,"WGOA","abundance"
1996,"PAV.CAPELIN.CPUE",-1.991,"WGOA","abundance"
1997,"PAV.CAPELIN.CPUE",-1.731,"WGOA","abundance"
1998,"PAV.CAPELIN.CPUE",-1.846,"WGOA","abundance"
1999,"PAV.CAPELIN.CPUE",-2,"WGOA","abundance"
2000,"PAV.CAPELIN.CPUE",-2,"WGOA","abundance"
2001,"PAV.CAPELIN.CPUE",-1.903,"WGOA","abundance"
2002,"PAV.CAPELIN.CPUE",-2,"WGOA","abundance"
2003,"PAV.CAPELIN.CPUE",-2,"WGOA","abundance"
2004,"PAV.CAPELIN.CPUE",-1.408,"WGOA","abundance"
2005,"PAV.CAPELIN.CPUE",-1.807,"WGOA","abundance"
2006,"PAV.CAPELIN.CPUE",-1.888,"WGOA","abundance"
2007,"PAV.CAPELIN.CPUE",-2,"WGOA","abundance"
2008,"PAV.CAPELIN.CPUE",-1.952,"WGOA","abundance"
2009,"PAV.CAPELIN.CPUE",-1.926,"WGOA","abundance"
2010,"PAV.CAPELIN.CPUE",-1.809,"WGOA","abundance"
2011,"PAV.CAPELIN.CPUE",-1.935,"WGOA","abundance"
2012,"PAV.CAPELIN.CPUE",-1.893,"WGOA","abundance"
2013,"PAV.CAPELIN.CPUE",-2,"WGOA","abundance"
2014,"PAV.CAPELIN.CPUE",-2,"WGOA","abundance"
2015,"PAV.CAPELIN.CPUE",-2,"WGOA","abundance"
1972,"PAV.EULACHON.CPUE",-2,"WGOA","abundance"
1973,"PAV.EULACHON.CPUE",-2,"WGOA","abundance"
1974,"PAV.EULACHON.CPUE",-2,"WGOA","abundance"
1975,"PAV.EULACHON.CPUE",-2,"WGOA","abundance"
1976,"PAV.EULACHON.CPUE",-2,"WGOA","abundance"
1977,"PAV.EULACHON.CPUE",-1.836,"WGOA","abundance"
1978,"PAV.EULACHON.CPUE",-1.806,"WGOA","abundance"
1979,"PAV.EULACHON.CPUE",-1.95,"WGOA","abundance"
1980,"PAV.EULACHON.CPUE",-1.943,"WGOA","abundance"
1981,"PAV.EULACHON.CPUE",-1.643,"WGOA","abundance"
1982,"PAV.EULACHON.CPUE",-1.562,"WGOA","abundance"
1983,"PAV.EULACHON.CPUE",-1.662,"WGOA","abundance"
1984,"PAV.EULACHON.CPUE",-2,"WGOA","abundance"
1985,"PAV.EULACHON.CPUE",-1.811,"WGOA","abundance"
1986,"PAV.EULACHON.CPUE",-1.383,"WGOA","abundance"
1987,"PAV.EULACHON.CPUE",-1.562,"WGOA","abundance"
1988,"PAV.EULACHON.CPUE",-2,"WGOA","abundance"
1989,"PAV.EULACHON.CPUE",-1.538,"WGOA","abundance"
1990,"PAV.EULACHON.CPUE",-1.597,"WGOA","abundance"
1991,"PAV.EULACHON.CPUE",-1.539,"WGOA","abundance"
1992,"PAV.EULACHON.CPUE",-1.722,"WGOA","abundance"
1993,"PAV.EULACHON.CPUE",-1.878,"WGOA","abundance"
1994,"PAV.EULACHON.CPUE",-1.76,"WGOA","abundance"
1995,"PAV.EULACHON.CPUE",-1.789,"WGOA","abundance"
1996,"PAV.EULACHON.CPUE",-1.813,"WGOA","abundance"
1997,"PAV.EULACHON.CPUE",-1.843,"WGOA","abundance"
1998,"PAV.EULACHON.CPUE",-1.315,"WGOA","abundance"
1999,"PAV.EULACHON.CPUE",-1.32,"WGOA","abundance"
2000,"PAV.EULACHON.CPUE",-1.653,"WGOA","abundance"
2001,"PAV.EULACHON.CPUE",-1.673,"WGOA","abundance"
2002,"PAV.EULACHON.CPUE",-1.647,"WGOA","abundance"
2003,"PAV.EULACHON.CPUE",-1.617,"WGOA","abundance"
2004,"PAV.EULACHON.CPUE",-1.911,"WGOA","abundance"
2005,"PAV.EULACHON.CPUE",-1.611,"WGOA","abundance"
2006,"PAV.EULACHON.CPUE",-1.937,"WGOA","abundance"
2007,"PAV.EULACHON.CPUE",-1.458,"WGOA","abundance"
2008,"PAV.EULACHON.CPUE",-1.911,"WGOA","abundance"
2009,"PAV.EULACHON.CPUE",-1.752,"WGOA","abundance"
2010,"PAV.EULACHON.CPUE",-0.975,"WGOA","abundance"
2011,"PAV.EULACHON.CPUE",-0.994,"WGOA","abundance"
2012,"PAV.EULACHON.CPUE",-1.607,"WGOA","abundance"
2013,"PAV.EULACHON.CPUE",-1.743,"WGOA","abundance"
2014,"PAV.EULACHON.CPUE",-1.378,"WGOA","abundance"
2015,"PAV.EULACHON.CPUE",-1.829,"WGOA","abundance"
1972,"PAV.JELLY.CPUE",-2,"WGOA","abundance"
1973,"PAV.JELLY.CPUE",-2,"WGOA","abundance"
1974,"PAV.JELLY.CPUE",-2,"WGOA","abundance"
1975,"PAV.JELLY.CPUE",-2,"WGOA","abundance"
1976,"PAV.JELLY.CPUE",-2,"WGOA","abundance"
1977,"PAV.JELLY.CPUE",-1.382,"WGOA","abundance"
1978,"PAV.JELLY.CPUE",-0.996,"WGOA","abundance"
1979,"PAV.JELLY.CPUE",-1.651,"WGOA","abundance"
1980,"PAV.JELLY.CPUE",-1.925,"WGOA","abundance"
1981,"PAV.JELLY.CPUE",-0.51,"WGOA","abundance"
1982,"PAV.JELLY.CPUE",-1.878,"WGOA","abundance"
1983,"PAV.JELLY.CPUE",1.173,"WGOA","abundance"
1984,"PAV.JELLY.CPUE",-0.265,"WGOA","abundance"
1985,"PAV.JELLY.CPUE",-1.89,"WGOA","abundance"
1986,"PAV.JELLY.CPUE",-0.415,"WGOA","abundance"
1987,"PAV.JELLY.CPUE",0.888,"WGOA","abundance"
1988,"PAV.JELLY.CPUE",1.26,"WGOA","abundance"
1989,"PAV.JELLY.CPUE",1.248,"WGOA","abundance"
1990,"PAV.JELLY.CPUE",-1.256,"WGOA","abundance"
1991,"PAV.JELLY.CPUE",1.398,"WGOA","abundance"
1992,"PAV.JELLY.CPUE",1.247,"WGOA","abundance"
1993,"PAV.JELLY.CPUE",1.034,"WGOA","abundance"
1994,"PAV.JELLY.CPUE",0.416,"WGOA","abundance"
1995,"PAV.JELLY.CPUE",0.791,"WGOA","abundance"
1996,"PAV.JELLY.CPUE",1.057,"WGOA","abundance"
1997,"PAV.JELLY.CPUE",0.573,"WGOA","abundance"
1998,"PAV.JELLY.CPUE",-0.202,"WGOA","abundance"
1999,"PAV.JELLY.CPUE",-1.888,"WGOA","abundance"
2000,"PAV.JELLY.CPUE",-1.713,"WGOA","abundance"
2001,"PAV.JELLY.CPUE",-1.633,"WGOA","abundance"
2002,"PAV.JELLY.CPUE",0.661,"WGOA","abundance"
2003,"PAV.JELLY.CPUE",-2,"WGOA","abundance"
2004,"PAV.JELLY.CPUE",-0.786,"WGOA","abundance"
2005,"PAV.JELLY.CPUE",-1.85,"WGOA","abundance"
2006,"PAV.JELLY.CPUE",-2,"WGOA","abundance"
2007,"PAV.JELLY.CPUE",-1.826,"WGOA","abundance"
2008,"PAV.JELLY.CPUE",-1.878,"WGOA","abundance"
2009,"PAV.JELLY.CPUE",-1.595,"WGOA","abundance"
2010,"PAV.JELLY.CPUE",-1.042,"WGOA","abundance"
2011,"PAV.JELLY.CPUE",-1.988,"WGOA","abundance"
2012,"PAV.JELLY.CPUE",-2,"WGOA","abundance"
2013,"PAV.JELLY.CPUE",-2,"WGOA","abundance"
2014,"PAV.JELLY.CPUE",-2,"WGOA","abundance"
2015,"PAV.JELLY.CPUE",-1.448,"WGOA","abundance"
1977,"CHI.SHRIMP.CPUE",1.116,"WGOA","abundance"
1978,"CHI.SHRIMP.CPUE",1.091,"WGOA","abundance"
1979,"CHI.SHRIMP.CPUE",2.416,"WGOA","abundance"
1980,"CHI.SHRIMP.CPUE",1.638,"WGOA","abundance"
1981,"CHI.SHRIMP.CPUE",2.031,"WGOA","abundance"
1982,"CHI.SHRIMP.CPUE",1.046,"WGOA","abundance"
1983,"CHI.SHRIMP.CPUE",-0.089,"WGOA","abundance"
1984,"CHI.SHRIMP.CPUE",-0.085,"WGOA","abundance"
1985,"CHI.SHRIMP.CPUE",0.226,"WGOA","abundance"
1986,"CHI.SHRIMP.CPUE",-1.135,"WGOA","abundance"
1987,"CHI.SHRIMP.CPUE",-0.633,"WGOA","abundance"
1989,"CHI.SHRIMP.CPUE",0.937,"WGOA","abundance"
1990,"CHI.SHRIMP.CPUE",-0.235,"WGOA","abundance"
1992,"CHI.SHRIMP.CPUE",0.684,"WGOA","abundance"
1995,"CHI.SHRIMP.CPUE",1.021,"WGOA","abundance"
1998,"CHI.SHRIMP.CPUE",0.83,"WGOA","abundance"
2001,"CHI.SHRIMP.CPUE",1.462,"WGOA","abundance"
2002,"CHI.SHRIMP.CPUE",0.943,"WGOA","abundance"
2003,"CHI.SHRIMP.CPUE",1.244,"WGOA","abundance"
2004,"CHI.SHRIMP.CPUE",0.139,"WGOA","abundance"
2005,"CHI.SHRIMP.CPUE",0.532,"WGOA","abundance"
2006,"CHI.SHRIMP.CPUE",0.133,"WGOA","abundance"
2007,"CHI.SHRIMP.CPUE",0.145,"WGOA","abundance"
2008,"CHI.SHRIMP.CPUE",0.267,"WGOA","abundance"
2009,"CHI.SHRIMP.CPUE",-0.075,"WGOA","abundance"
2010,"CHI.SHRIMP.CPUE",0.233,"WGOA","abundance"
2011,"CHI.SHRIMP.CPUE",0.523,"WGOA","abundance"
2012,"CHI.SHRIMP.CPUE",0.842,"WGOA","abundance"
2013,"CHI.SHRIMP.CPUE",1.132,"WGOA","abundance"
2014,"CHI.SHRIMP.CPUE",0.174,"WGOA","abundance"
2015,"CHI.SHRIMP.CPUE",0.679,"WGOA","abundance"
2016,"CHI.SHRIMP.CPUE",1.383,"WGOA","abundance"
1977,"CHI.EULACHON.CPUE",-2,"WGOA","abundance"
1978,"CHI.EULACHON.CPUE",-2,"WGOA","abundance"
1979,"CHI.EULACHON.CPUE",-1.451,"WGOA","abundance"
1980,"CHI.EULACHON.CPUE",-1.772,"WGOA","abundance"
1981,"CHI.EULACHON.CPUE",-1.939,"WGOA","abundance"
1982,"CHI.EULACHON.CPUE",-1.389,"WGOA","abundance"
1983,"CHI.EULACHON.CPUE",-1.684,"WGOA","abundance"
1984,"CHI.EULACHON.CPUE",-1.687,"WGOA","abundance"
1985,"CHI.EULACHON.CPUE",-0.594,"WGOA","abundance"
1986,"CHI.EULACHON.CPUE",-1.422,"WGOA","abundance"
1987,"CHI.EULACHON.CPUE",-1.049,"WGOA","abundance"
1989,"CHI.EULACHON.CPUE",-1.043,"WGOA","abundance"
1990,"CHI.EULACHON.CPUE",-2,"WGOA","abundance"
1992,"CHI.EULACHON.CPUE",-1.088,"WGOA","abundance"
1995,"CHI.EULACHON.CPUE",-2,"WGOA","abundance"
1998,"CHI.EULACHON.CPUE",-2,"WGOA","abundance"
2001,"CHI.EULACHON.CPUE",-0.857,"WGOA","abundance"
2002,"CHI.EULACHON.CPUE",-0.331,"WGOA","abundance"
2003,"CHI.EULACHON.CPUE",-1.421,"WGOA","abundance"
2004,"CHI.EULACHON.CPUE",-0.717,"WGOA","abundance"
2005,"CHI.EULACHON.CPUE",-1.355,"WGOA","abundance"
2006,"CHI.EULACHON.CPUE",-1.465,"WGOA","abundance"
2007,"CHI.EULACHON.CPUE",-1.516,"WGOA","abundance"
2008,"CHI.EULACHON.CPUE",-0.994,"WGOA","abundance"
2009,"CHI.EULACHON.CPUE",-0.884,"WGOA","abundance"
2010,"CHI.EULACHON.CPUE",-2,"WGOA","abundance"
2011,"CHI.EULACHON.CPUE",-1.081,"WGOA","abundance"
2012,"CHI.EULACHON.CPUE",-0.722,"WGOA","abundance"
2013,"CHI.EULACHON.CPUE",-0.931,"WGOA","abundance"
2014,"CHI.EULACHON.CPUE",-1.381,"WGOA","abundance"
2015,"CHI.EULACHON.CPUE",-0.18,"WGOA","abundance"
2016,"CHI.EULACHON.CPUE",-0.17,"WGOA","abundance"
1977,"CHI.JELLY.CPUE",-2,"WGOA","abundance"
1978,"CHI.JELLY.CPUE",-2,"WGOA","abundance"
1979,"CHI.JELLY.CPUE",-1.533,"WGOA","abundance"
1980,"CHI.JELLY.CPUE",-1.182,"WGOA","abundance"
1981,"CHI.JELLY.CPUE",-0.714,"WGOA","abundance"
1982,"CHI.JELLY.CPUE",-1.545,"WGOA","abundance"
1983,"CHI.JELLY.CPUE",-0.36,"WGOA","abundance"
1984,"CHI.JELLY.CPUE",0.162,"WGOA","abundance"
1985,"CHI.JELLY.CPUE",-0.933,"WGOA","abundance"
1986,"CHI.JELLY.CPUE",0.567,"WGOA","abundance"
1987,"CHI.JELLY.CPUE",-0.188,"WGOA","abundance"
1989,"CHI.JELLY.CPUE",1.002,"WGOA","abundance"
1990,"CHI.JELLY.CPUE",-2,"WGOA","abundance"
1992,"CHI.JELLY.CPUE",1.219,"WGOA","abundance"
1995,"CHI.JELLY.CPUE",0.39,"WGOA","abundance"
1998,"CHI.JELLY.CPUE",1.401,"WGOA","abundance"
2001,"CHI.JELLY.CPUE",0.735,"WGOA","abundance"
2002,"CHI.JELLY.CPUE",0.932,"WGOA","abundance"
2003,"CHI.JELLY.CPUE",-0.367,"WGOA","abundance"
2004,"CHI.JELLY.CPUE",0.639,"WGOA","abundance"
2005,"CHI.JELLY.CPUE",1.728,"WGOA","abundance"
2006,"CHI.JELLY.CPUE",-0.666,"WGOA","abundance"
2007,"CHI.JELLY.CPUE",0.16,"WGOA","abundance"
2008,"CHI.JELLY.CPUE",1.384,"WGOA","abundance"
2009,"CHI.JELLY.CPUE",-1.124,"WGOA","abundance"
2010,"CHI.JELLY.CPUE",0.119,"WGOA","abundance"
2011,"CHI.JELLY.CPUE",1.095,"WGOA","abundance"
2012,"CHI.JELLY.CPUE",-0.296,"WGOA","abundance"
2013,"CHI.JELLY.CPUE",0.673,"WGOA","abundance"
2014,"CHI.JELLY.CPUE",0.378,"WGOA","abundance"
2015,"CHI.JELLY.CPUE",0.758,"WGOA","abundance"
2016,"CHI.JELLY.CPUE",1.057,"WGOA","abundance"
1979,"SE.HER",23144,"EGOA","abundance"
1980,"SE.HER",41120,"EGOA","abundance"
1981,"SE.HER",42846,"EGOA","abundance"
1982,"SE.HER",28635,"EGOA","abundance"
1983,"SE.HER",33865,"EGOA","abundance"
1984,"SE.HER",40712,"EGOA","abundance"
1985,"SE.HER",33262,"EGOA","abundance"
1986,"SE.HER",27198,"EGOA","abundance"
1987,"SE.HER",45508,"EGOA","abundance"
1988,"SE.HER",55071,"EGOA","abundance"
1989,"SE.HER",33251,"EGOA","abundance"
1990,"SE.HER",23349,"EGOA","abundance"
1991,"SE.HER",31061,"EGOA","abundance"
1992,"SE.HER",46350,"EGOA","abundance"
1993,"SE.HER",25911,"EGOA","abundance"
1994,"SE.HER",17819,"EGOA","abundance"
1995,"SE.HER",28572,"EGOA","abundance"
1996,"SE.HER",31517,"EGOA","abundance"
1997,"SE.HER",36441,"EGOA","abundance"
1998,"SE.HER",43576,"EGOA","abundance"
1999,"SE.HER",49762,"EGOA","abundance"
2000,"SE.HER",53501,"EGOA","abundance"
2001,"SE.HER",53407,"EGOA","abundance"
2002,"SE.HER",57078,"EGOA","abundance"
2003,"SE.HER",71996,"EGOA","abundance"
2004,"SE.HER",88437,"EGOA","abundance"
2005,"SE.HER",84399,"EGOA","abundance"
2006,"SE.HER",77767,"EGOA","abundance"
2007,"SE.HER",80847,"EGOA","abundance"
2008,"SE.HER",90171,"EGOA","abundance"
2009,"SE.HER",103348,"EGOA","abundance"
2010,"SE.HER",96900,"EGOA","abundance"
2011,"SE.HER",87954,"EGOA","abundance"
2012,"SE.HER",64229,"EGOA","abundance"
2013,"SE.HER",68947,"EGOA","abundance"
2014,"SE.HER",53491,"EGOA","abundance"
2015,"SE.HER",55804,"EGOA","abundance"
2016,"SE.HER",74676,"EGOA","abundance"
1972,"SE.CO",5.922,"EGOA","production"
1973,"SE.CO",6.107,"EGOA","production"
1974,"SE.CO",5.631,"EGOA","production"
1975,"SE.CO",5.916,"EGOA","production"
1976,"SE.CO",5.975,"EGOA","production"
1977,"SE.CO",6.234,"EGOA","production"
1978,"SE.CO",6.109,"EGOA","production"
1979,"SE.CO",6.056,"EGOA","production"
1980,"SE.CO",6.148,"EGOA","production"
1981,"SE.CO",6.31,"EGOA","production"
1982,"SE.CO",6.286,"EGOA","production"
1983,"SE.CO",6.266,"EGOA","production"
1984,"SE.CO",6.409,"EGOA","production"
1985,"SE.CO",6.532,"EGOA","production"
1986,"SE.CO",6.188,"EGOA","production"
1987,"SE.CO",6.02,"EGOA","production"
1988,"SE.CO",6.343,"EGOA","production"
1989,"SE.CO",6.458,"EGOA","production"
1990,"SE.CO",6.505,"EGOA","production"
1991,"SE.CO",6.568,"EGOA","production"
1992,"SE.CO",6.564,"EGOA","production"
1993,"SE.CO",6.757,"EGOA","production"
1994,"SE.CO",6.524,"EGOA","production"
1995,"SE.CO",6.499,"EGOA","production"
1996,"SE.CO",6.295,"EGOA","production"
1997,"SE.CO",6.476,"EGOA","production"
1998,"SE.CO",6.56,"EGOA","production"
1999,"SE.CO",6.292,"EGOA","production"
2000,"SE.CO",6.518,"EGOA","production"
2001,"SE.CO",6.511,"EGOA","production"
2002,"SE.CO",6.398,"EGOA","production"
2003,"SE.CO",6.489,"EGOA","production"
2004,"SE.CO",6.478,"EGOA","production"
2005,"SE.CO",6.321,"EGOA","production"
2006,"SE.CO",6.314,"EGOA","production"
2007,"SE.CO",6.377,"EGOA","production"
2008,"SE.CO",6.421,"EGOA","production"
2009,"SE.CO",6.412,"EGOA","production"
2010,"SE.CO",6.364,"EGOA","production"
2011,"SE.CO",6.319,"EGOA","production"
2012,"SE.CO",6.588,"EGOA","production"
2013,"SE.CO",6.579,"EGOA","production"
2014,"SE.CO",6.332,"EGOA","production"
2015,"SE.CO",6.347,"EGOA","production"
2016,"SE.CO",6.439,"EGOA","production"
1972,"PWS.CO",5.299,"WGOA","production"
1973,"PWS.CO",4.881,"WGOA","production"
1974,"PWS.CO",4.925,"WGOA","production"
1975,"PWS.CO",5.205,"WGOA","production"
1976,"PWS.CO",5.254,"WGOA","production"
1977,"PWS.CO",5.495,"WGOA","production"
1978,"PWS.CO",5.499,"WGOA","production"
1979,"PWS.CO",5.528,"WGOA","production"
1980,"PWS.CO",5.599,"WGOA","production"
1981,"PWS.CO",5.799,"WGOA","production"
1982,"PWS.CO",5.531,"WGOA","production"
1983,"PWS.CO",5.763,"WGOA","production"
1984,"PWS.CO",6.01,"WGOA","production"
1985,"PWS.CO",5.629,"WGOA","production"
1986,"PWS.CO",5.245,"WGOA","production"
1987,"PWS.CO",5.68,"WGOA","production"
1988,"PWS.CO",5.628,"WGOA","production"
1989,"PWS.CO",5.72,"WGOA","production"
1990,"PWS.CO",5.807,"WGOA","production"
1991,"PWS.CO",5.792,"WGOA","production"
1992,"PWS.CO",5.649,"WGOA","production"
1993,"PWS.CO",6.025,"WGOA","production"
1994,"PWS.CO",5.985,"WGOA","production"
1995,"PWS.CO",5.662,"WGOA","production"
1996,"PWS.CO",4.92,"WGOA","production"
1997,"PWS.CO",5.289,"WGOA","production"
1998,"PWS.CO",5.231,"WGOA","production"
1999,"PWS.CO",5.854,"WGOA","production"
2000,"PWS.CO",5.694,"WGOA","production"
2001,"PWS.CO",5.813,"WGOA","production"
2002,"PWS.CO",5.718,"WGOA","production"
2003,"PWS.CO",5.792,"WGOA","production"
2004,"PWS.CO",5.73,"WGOA","production"
2005,"PWS.CO",5.883,"WGOA","production"
2006,"PWS.CO",5.517,"WGOA","production"
2007,"PWS.CO",5.741,"WGOA","production"
2008,"PWS.CO",5.478,"WGOA","production"
2009,"PWS.CO",5.553,"WGOA","production"
2010,"PWS.CO",5.536,"WGOA","production"
2011,"PWS.CO",5.305,"WGOA","production"
2012,"PWS.CO",5.809,"WGOA","production"
2013,"PWS.CO",5.789,"WGOA","production"
2014,"PWS.CO",5.337,"WGOA","production"
2015,"PWS.CO",5.679,"WGOA","production"
2016,"PWS.CO",5.744,"WGOA","production"
1972,"KOD.CO",3.553,"WGOA","production"
1973,"KOD.CO",4.135,"WGOA","production"
1974,"KOD.CO",4.374,"WGOA","production"
1975,"KOD.CO",4.375,"WGOA","production"
1976,"KOD.CO",4.446,"WGOA","production"
1977,"KOD.CO",4.688,"WGOA","production"
1978,"KOD.CO",5.148,"WGOA","production"
1979,"KOD.CO",5.143,"WGOA","production"
1980,"KOD.CO",5.085,"WGOA","production"
1981,"KOD.CO",5.538,"WGOA","production"
1982,"KOD.CO",5.198,"WGOA","production"
1983,"KOD.CO",5.361,"WGOA","production"
1984,"KOD.CO",5.454,"WGOA","production"
1985,"KOD.CO",5.227,"WGOA","production"
1986,"KOD.CO",5.285,"WGOA","production"
1987,"KOD.CO",5.482,"WGOA","production"
1989,"KOD.CO",5.468,"WGOA","production"
1990,"KOD.CO",5.512,"WGOA","production"
1991,"KOD.CO",5.447,"WGOA","production"
1992,"KOD.CO",5.496,"WGOA","production"
1993,"KOD.CO",5.472,"WGOA","production"
1994,"KOD.CO",5.488,"WGOA","production"
1995,"KOD.CO",5.305,"WGOA","production"
1996,"KOD.CO",5.581,"WGOA","production"
1997,"KOD.CO",5.629,"WGOA","production"
1998,"KOD.CO",5.472,"WGOA","production"
1999,"KOD.CO",5.523,"WGOA","production"
2000,"KOD.CO",5.612,"WGOA","production"
2001,"KOD.CO",5.702,"WGOA","production"
2002,"KOD.CO",5.546,"WGOA","production"
2003,"KOD.CO",5.69,"WGOA","production"
2004,"KOD.CO",5.598,"WGOA","production"
2005,"KOD.CO",5.743,"WGOA","production"
2006,"KOD.CO",5.552,"WGOA","production"
2007,"KOD.CO",5.478,"WGOA","production"
2008,"KOD.CO",5.461,"WGOA","production"
2009,"KOD.CO",5.426,"WGOA","production"
2010,"KOD.CO",5.274,"WGOA","production"
2011,"KOD.CO",5.319,"WGOA","production"
2012,"KOD.CO",5.429,"WGOA","production"
2013,"KOD.CO",5.673,"WGOA","production"
2014,"KOD.CO",5.613,"WGOA","production"
2015,"KOD.CO",5.32,"WGOA","production"
2016,"KOD.CO",5.556,"WGOA","production"
1972,"CI.CO",5.027,"WGOA","production"
1973,"CI.CO",5.315,"WGOA","production"
1974,"CI.CO",5.368,"WGOA","production"
1975,"CI.CO",5.326,"WGOA","production"
1976,"CI.CO",5.292,"WGOA","production"
1977,"CI.CO",5.353,"WGOA","production"
1978,"CI.CO",5.459,"WGOA","production"
1979,"CI.CO",5.456,"WGOA","production"
1980,"CI.CO",5.695,"WGOA","production"
1981,"CI.CO",5.925,"WGOA","production"
1982,"CI.CO",5.722,"WGOA","production"
1983,"CI.CO",5.669,"WGOA","production"
1984,"CI.CO",5.819,"WGOA","production"
1985,"CI.CO",5.89,"WGOA","production"
1986,"CI.CO",5.668,"WGOA","production"
1987,"CI.CO",5.756,"WGOA","production"
1988,"CI.CO",5.546,"WGOA","production"
1989,"CI.CO",5.709,"WGOA","production"
1990,"CI.CO",5.65,"WGOA","production"
1991,"CI.CO",5.677,"WGOA","production"
1992,"CI.CO",5.507,"WGOA","production"
1993,"CI.CO",5.778,"WGOA","production"
1994,"CI.CO",5.668,"WGOA","production"
1995,"CI.CO",5.526,"WGOA","production"
1996,"CI.CO",5.215,"WGOA","production"
1997,"CI.CO",5.251,"WGOA","production"
1998,"CI.CO",5.13,"WGOA","production"
1999,"CI.CO",5.394,"WGOA","production"
2000,"CI.CO",5.083,"WGOA","production"
2001,"CI.CO",5.412,"WGOA","production"
2002,"CI.CO",5.056,"WGOA","production"
2003,"CI.CO",5.51,"WGOA","production"
2004,"CI.CO",5.369,"WGOA","production"
2005,"CI.CO",5.322,"WGOA","production"
2006,"CI.CO",5.264,"WGOA","production"
2007,"CI.CO",5.243,"WGOA","production"
2008,"CI.CO",5.193,"WGOA","production"
2009,"CI.CO",5.321,"WGOA","production"
2010,"CI.CO",4.938,"WGOA","production"
2011,"CI.CO",5.029,"WGOA","production"
2012,"CI.CO",5.426,"WGOA","production"
2013,"CI.CO",5.14,"WGOA","production"
2014,"CI.CO",5.344,"WGOA","production"
2015,"CI.CO",5.143,"WGOA","production"
2016,"CI.CO",5.484,"WGOA","production"
1972,"CH.CO",4.349,"WGOA","production"
1973,"CH.CO",4.088,"WGOA","production"
1974,"CH.CO",4.727,"WGOA","production"
1975,"CH.CO",4.546,"WGOA","production"
1976,"CH.CO",4.241,"WGOA","production"
1977,"CH.CO",4.306,"WGOA","production"
1978,"CH.CO",4.996,"WGOA","production"
1979,"CH.CO",5.078,"WGOA","production"
1980,"CH.CO",4.897,"WGOA","production"
1981,"CH.CO",5.482,"WGOA","production"
1982,"CH.CO",4.792,"WGOA","production"
1983,"CH.CO",5.042,"WGOA","production"
1984,"CH.CO",5.281,"WGOA","production"
1985,"CH.CO",5.067,"WGOA","production"
1986,"CH.CO",5.177,"WGOA","production"
1987,"CH.CO",5.569,"WGOA","production"
1988,"CH.CO",4.834,"WGOA","production"
1989,"CH.CO",5.114,"WGOA","production"
1990,"CH.CO",5.219,"WGOA","production"
1991,"CH.CO",5.493,"WGOA","production"
1992,"CH.CO",5.361,"WGOA","production"
1993,"CH.CO",5.364,"WGOA","production"
1994,"CH.CO",5.45,"WGOA","production"
1995,"CH.CO",5.286,"WGOA","production"
1996,"CH.CO",4.959,"WGOA","production"
1997,"CH.CO",5.112,"WGOA","production"
1998,"CH.CO",4.952,"WGOA","production"
1999,"CH.CO",5.091,"WGOA","production"
2000,"CH.CO",5.119,"WGOA","production"
2001,"CH.CO",4.693,"WGOA","production"
2002,"CH.CO",5.017,"WGOA","production"
2004,"CH.CO",NA,"WGOA","production"
2005,"CH.CO",4.594,"WGOA","production"
2006,"CH.CO",4.865,"WGOA","production"
2007,"CH.CO",5.208,"WGOA","production"
2008,"CH.CO",5.043,"WGOA","production"
2009,"CH.CO",5.202,"WGOA","production"
2010,"CH.CO",4.885,"WGOA","production"
2011,"CH.CO",4.523,"WGOA","production"
2012,"CH.CO",4.509,"WGOA","production"
2013,"CH.CO",5.122,"WGOA","production"
2014,"CH.CO",4.914,"WGOA","production"
2015,"CH.CO",4.973,"WGOA","production"
2016,"CH.CO",5.354,"WGOA","production"
1972,"SP.CO",3.819,"WGOA","production"
1973,"SP.CO",3.972,"WGOA","production"
1974,"SP.CO",1.826,"WGOA","production"
1975,"SP.CO",2.334,"WGOA","production"
1976,"SP.CO",3.324,"WGOA","production"
1977,"SP.CO",4.784,"WGOA","production"
1978,"SP.CO",5.553,"WGOA","production"
1979,"SP.CO",5.438,"WGOA","production"
1980,"SP.CO",5.21,"WGOA","production"
1981,"SP.CO",5.408,"WGOA","production"
1982,"SP.CO",5.106,"WGOA","production"
1983,"SP.CO",5.493,"WGOA","production"
1984,"SP.CO",5.237,"WGOA","production"
1985,"SP.CO",5.373,"WGOA","production"
1986,"SP.CO",5.352,"WGOA","production"
1987,"SP.CO",5.704,"WGOA","production"
1988,"SP.CO",5.647,"WGOA","production"
1989,"SP.CO",5.487,"WGOA","production"
1990,"SP.CO",5.501,"WGOA","production"
1991,"SP.CO",5.621,"WGOA","production"
1992,"SP.CO",5.343,"WGOA","production"
1993,"SP.CO",5.408,"WGOA","production"
1994,"SP.CO",5.422,"WGOA","production"
1995,"SP.CO",5.467,"WGOA","production"
1996,"SP.CO",5.049,"WGOA","production"
1997,"SP.CO",5.188,"WGOA","production"
1998,"SP.CO",5.284,"WGOA","production"
1999,"SP.CO",5.41,"WGOA","production"
2000,"SP.CO",5.331,"WGOA","production"
2001,"SP.CO",5.307,"WGOA","production"
2002,"SP.CO",5.117,"WGOA","production"
2003,"SP.CO",5.372,"WGOA","production"
2004,"SP.CO",5.157,"WGOA","production"
2005,"SP.CO",5.229,"WGOA","production"
2006,"SP.CO",5.179,"WGOA","production"
2007,"SP.CO",5.353,"WGOA","production"
2008,"SP.CO",5.395,"WGOA","production"
2009,"SP.CO",5.217,"WGOA","production"
2010,"SP.CO",5.186,"WGOA","production"
2011,"SP.CO",4.963,"WGOA","production"
2012,"SP.CO",5.468,"WGOA","production"
2013,"SP.CO",5.472,"WGOA","production"
2014,"SP.CO",5.424,"WGOA","production"
2015,"SP.CO",5.257,"WGOA","production"
2016,"SP.CO",5.545,"WGOA","production"
2017,"CI.CO",5.369215857,NA,NA
2017,"KOD.CO",5.610660163,NA,NA
2017,"PWS.CO",5.685741739,NA,NA
2017,"SP.CO",5.428134794,NA,NA
2017,"SE.CO",6.096910013,NA,NA
2018,"CI.CO",5.235528447,NA,NA
2018,"KOD.CO",5.580924976,NA,NA
2018,"PWS.CO",5.702430536,NA,NA
2018,"SP.CO",5.720159303,NA,NA
2018,"SE.CO",6.225309282,NA,NA
2018,"CH.CO",5.340444115,NA,NA
1973,"SE.PI",-2.10382790527147,"EGOA","production"
1975,"SE.PI",-1.98212537780566,"EGOA","production"
1977,"SE.PI",-0.0605065230824031,"EGOA","production"
1979,"SE.PI",-0.592154406222506,"EGOA","production"
1981,"SE.PI",0.122047268116308,"EGOA","production"
1983,"SE.PI",0.144466154754745,"EGOA","production"
1985,"SE.PI",1.01880273365383,"EGOA","production"
1987,"SE.PI",-0.950856592437511,"EGOA","production"
1989,"SE.PI",0.52558722760819,"EGOA","production"
1991,"SE.PI",0.634478962709174,"EGOA","production"
1993,"SE.PI",1.31985635422714,"EGOA","production"
1995,"SE.PI",1.48639665496982,"EGOA","production"
1997,"SE.PI",0.906708300461636,"EGOA","production"
1999,"SE.PI",-0.121357786815307,"EGOA","production"
2001,"SE.PI",0.993181148924183,"EGOA","production"
2003,"SE.PI",0.993181148924183,"EGOA","production"
2005,"SE.PI",-0.890005328704611,"EGOA","production"
2007,"SE.PI",-0.457641086391875,"EGOA","production"
2009,"SE.PI",0.122047268116308,"EGOA","production"
2011,"SE.PI",-0.0573038249911966,"EGOA","production"
2013,"SE.PI",0.717749113080517,"EGOA","production"
2015,"SE.PI",-0.262276502828344,"EGOA","production"
2017,"SE.PI",-1.50644700099517,NA,NA
1972,"SE.PI",-1.95090246810932,"EGOA","production"
1974,"SE.PI",-2.52213708221605,"EGOA","production"
1976,"SE.PI",-1.02856755460039,"EGOA","production"
1978,"SE.PI",-1.30721858587197,"EGOA","production"
1980,"SE.PI",-0.646815641758331,"EGOA","production"
1982,"SE.PI",0.177991410805543,"EGOA","production"
1984,"SE.PI",0.573675875211186,"EGOA","production"
1986,"SE.PI",-1.38802738494073,"EGOA","production"
1988,"SE.PI",0.735293473348701,"EGOA","production"
1990,"SE.PI",0.785450658977584,"EGOA","production"
1992,"SE.PI",0.690709308345248,"EGOA","production"
1994,"SE.PI",0.476148014266133,"EGOA","production"
1996,"SE.PI",-0.134097744218626,"EGOA","production"
1998,"SE.PI",1.06131517993645,"EGOA","production"
2000,"SE.PI",0.880192009609921,"EGOA","production"
2002,"SE.PI",0.584821916462048,"EGOA","production"
2004,"SE.PI",0.72972045272327,"EGOA","production"
2006,"SE.PI",0.395339215197375,"EGOA","production"
2008,"SE.PI",0.197496982994555,"EGOA","production"
2010,"SE.PI",0.72972045272327,"EGOA","production"
2012,"SE.PI",1.30095506683001,"EGOA","production"
2014,"SE.PI",0.0971826117367852,"EGOA","production"
2016,"SE.PI",0.0804635498604898,"EGOA","production"
2018,"SE.PI",-0.518709717313108,NA,NA
1973,"CH.PI",-2.10540657172918,"WGOA","production"
1975,"CH.PI",-0.274618248486413,"WGOA","production"
1977,"CH.PI",0.689467091944619,"WGOA","production"
1979,"CH.PI",0.801456803206808,"WGOA","production"
1981,"CH.PI",0.562870027039533,"WGOA","production"
1983,"CH.PI",-0.150455742521812,"WGOA","production"
1985,"CH.PI",0.24637736477682,"WGOA","production"
1987,"CH.PI",1.8677936191381,"WGOA","production"
1989,"CH.PI",0.0735236800025703,"WGOA","production"
1991,"CH.PI",1.17150976216013,"WGOA","production"
1993,"CH.PI",-0.184539567688564,"WGOA","production"
1995,"CH.PI",-1.05367710944078,"WGOA","production"
1997,"CH.PI",0.43870752107493,"WGOA","production"
1999,"CH.PI",-0.189408685569531,"WGOA","production"
2001,"CH.PI",NA,"WGOA","production"
2005,"CH.PI",-0.306267514712686,"WGOA","production"
2007,"CH.PI",1.62677228403034,"WGOA","production"
2009,"CH.PI",-0.0482042670215495,"WGOA","production"
2011,"CH.PI",-1.38964624322735,"WGOA","production"
2013,"CH.PI",-0.396346195510535,"WGOA","production"
2015,"CH.PI",-1.37990800746543,"WGOA","production"
1972,"CH.PI",-2.64022859871376,"WGOA","production"
1974,"CH.PI",-1.8950005889878,"WGOA","production"
1976,"CH.PI",-0.169303920682624,"WGOA","production"
1978,"CH.PI",0.724969690988529,"WGOA","production"
1980,"CH.PI",0.338887710046164,"WGOA","production"
1982,"CH.PI",-0.663129710260068,"WGOA","production"
1984,"CH.PI",-1.20723594386721,"WGOA","production"
1986,"CH.PI",-0.869638676810634,"WGOA","production"
1988,"CH.PI",NA,"WGOA","production"
1990,"CH.PI",0.344274900477917,"WGOA","production"
1992,"CH.PI",0.611838691921695,"WGOA","production"
1994,"CH.PI",0.784228785737821,"WGOA","production"
1996,"CH.PI",0.0910769501854823,"WGOA","production"
1998,"CH.PI",0.635183183792631,"WGOA","production"
2000,"CH.PI",0.416104106234636,"WGOA","production"
2002,"CH.PI",-0.31475806233998,"WGOA","production"
2004,"CH.PI",-1.0563946117781,"WGOA","production"
2006,"CH.PI",0.769862944586477,"WGOA","production"
2008,"CH.PI",0.489729042135274,"WGOA","production"
2010,"CH.PI",0.144948854503022,"WGOA","production"
2012,"CH.PI",0.114421442056417,"WGOA","production"
2014,"CH.PI",0.753701373291217,"WGOA","production"
2016,"CH.PI",1.74674014287786,"WGOA","production"
2018,"CH.PI",0.849722294605039,NA,NA
1973,"KOD.PI",-1.9407857273226,"WGOA","production"
1975,"KOD.PI",0.199310454705741,"WGOA","production"
1977,"KOD.PI",0.654210126247999,"WGOA","production"
1979,"KOD.PI",0.867875123487545,"WGOA","production"
1981,"KOD.PI",-0.269374055368096,"WGOA","production"
1983,"KOD.PI",0.16829456800968,"WGOA","production"
1985,"KOD.PI",0.295804324426827,"WGOA","production"
1987,"KOD.PI",0.609409401020353,"WGOA","production"
1989,"KOD.PI",-0.720827517277458,"WGOA","production"
1991,"KOD.PI",-1.6065033929317,"WGOA","production"
1993,"KOD.PI",-0.255589216836514,"WGOA","production"
1995,"KOD.PI",-1.53068678100799,"WGOA","production"
1997,"KOD.PI",1.23317334457451,"WGOA","production"
1999,"KOD.PI",0.0373386019596353,"WGOA","production"
2001,"KOD.PI",0.95403036430994,"WGOA","production"
2003,"KOD.PI",1.18837261934686,"WGOA","production"
2005,"KOD.PI",1.77422825693916,"WGOA","production"
2007,"KOD.PI",-0.145310508583846,"WGOA","production"
2009,"KOD.PI",-0.131525670052261,"WGOA","production"
2011,"KOD.PI",0.82996681752569,"WGOA","production"
2013,"KOD.PI",0.144171100579407,"WGOA","production"
2015,"KOD.PI",-1.64096548926066,"WGOA","production"
2017,"KOD.PI",-0.714616744492216,NA,NA
1972,"KOD.PI",-3.19822595365538,"WGOA","production"
1974,"KOD.PI",-1.45642341330481,"WGOA","production"
1976,"KOD.PI",-0.706989951864501,"WGOA","production"
1978,"KOD.PI",-0.11798567177227,"WGOA","production"
1980,"KOD.PI",-0.207367644237627,"WGOA","production"
1982,"KOD.PI",-1.01180539642585,"WGOA","production"
1984,"KOD.PI",-0.548852615964252,"WGOA","production"
1986,"KOD.PI",-0.913256042169174,"WGOA","production"
1988,"KOD.PI",-0.619899824846974,"WGOA","production"
1990,"KOD.PI",0.267044363463119,"WGOA","production"
1992,"KOD.PI",0.979808297738155,"WGOA","production"
1994,"KOD.PI",1.20899284252112,"WGOA","production"
1996,"KOD.PI",-0.140904126250567,"WGOA","production"
1998,"KOD.PI",-0.0675650719200162,"WGOA","production"
2000,"KOD.PI",0.429765390259027,"WGOA","production"
2002,"KOD.PI",0.0997396457715506,"WGOA","production"
2004,"KOD.PI",0.858340489003181,"WGOA","production"
2006,"KOD.PI",0.665825471385485,"WGOA","production"
2008,"KOD.PI",0.773542207433482,"WGOA","production"
2010,"KOD.PI",0.267044363463119,"WGOA","production"
2012,"KOD.PI",0.79187697101612,"WGOA","production"
2014,"KOD.PI",0.950014306916369,"WGOA","production"
2016,"KOD.PI",0.752915598403014,"WGOA","production"
2018,"KOD.PI",0.944365765037666,NA,NA
1973,"SP.PI",-2.85536536508917,"WGOA","production"
1975,"SP.PI",-0.225169746375472,"WGOA","production"
1977,"SP.PI",0.490412285557577,"WGOA","production"
1979,"SP.PI",0.776261408233245,"WGOA","production"
1981,"SP.PI",0.645806775065827,"WGOA","production"
1983,"SP.PI",1.09856109017628,"WGOA","production"
1985,"SP.PI",0.217992316296203,"WGOA","production"
1987,"SP.PI",0.684175784820949,"WGOA","production"
1989,"SP.PI",-0.0659383558917103,"WGOA","production"
1991,"SP.PI",0.956595754082325,"WGOA","production"
1993,"SP.PI",0.904797590912908,"WGOA","production"
1995,"SP.PI",-0.282723261008156,"WGOA","production"
1997,"SP.PI",0.795445913110806,"WGOA","production"
1999,"SP.PI",0.116314440445125,"WGOA","production"
2001,"SP.PI",-0.29615241442245,"WGOA","production"
2003,"SP.PI",0.638132973114801,"WGOA","production"
2005,"SP.PI",0.265953578490106,"WGOA","production"
2007,"SP.PI",1.17529910968653,"WGOA","production"
2009,"SP.PI",-1.09422781732901,"WGOA","production"
2011,"SP.PI",-1.53738988000069,"WGOA","production"
2013,"SP.PI",-1.21509019805765,"WGOA","production"
2015,"SP.PI",-0.0256508956488311,"WGOA","production"
2017,"SP.PI",-1.16804108616956,NA,NA
1972,"SP.PI",-2.83335118788593,"WGOA","production"
1974,"SP.PI",-2.80390824775542,"WGOA","production"
1976,"SP.PI",-0.668520274079228,"WGOA","production"
1978,"SP.PI",0.34803597463745,"WGOA","production"
1980,"SP.PI",0.169828705426447,"WGOA","production"
1982,"SP.PI",-0.219128029981916,"WGOA","production"
1984,"SP.PI",0.0845991418907504,"WGOA","production"
1986,"SP.PI",-0.790940919885047,"WGOA","production"
1988,"SP.PI",0.419318882321852,"WGOA","production"
1990,"SP.PI",0.671908316073098,"WGOA","production"
1992,"SP.PI",0.626969091663367,"WGOA","production"
1994,"SP.PI",0.961688832094468,"WGOA","production"
1996,"SP.PI",-0.357044960066952,"WGOA","production"
1998,"SP.PI",0.518495101708843,"WGOA","production"
2000,"SP.PI",0.0179651194901144,"WGOA","production"
2002,"SP.PI",0.0567058301881576,"WGOA","production"
2004,"SP.PI",0.591327637821167,"WGOA","production"
2006,"SP.PI",0.419318882321852,"WGOA","production"
2008,"SP.PI",0.473555877299112,"WGOA","production"
2010,"SP.PI",0.163630191714761,"WGOA","production"
2012,"SP.PI",0.464258106731583,"WGOA","production"
2014,"SP.PI",0.975635487945765,"WGOA","production"
2016,"SP.PI",1.15849164244053,"WGOA","production"
2018,"SP.PI",-0.448839202114828,NA,NA
1977,"CHI.P.COD.CPUE",-1.599066351,NA,NA
1978,"CHI.P.COD.CPUE",-1.307162651,NA,NA
1979,"CHI.P.COD.CPUE",-1.748432164,NA,NA
1980,"CHI.P.COD.CPUE",-1.371876031,NA,NA
1981,"CHI.P.COD.CPUE",-1.063724495,NA,NA
1982,"CHI.P.COD.CPUE",-0.634919725,NA,NA
1983,"CHI.P.COD.CPUE",0.20273427,NA,NA
1984,"CHI.P.COD.CPUE",-0.161346167,NA,NA
1985,"CHI.P.COD.CPUE",-0.086983609,NA,NA
1986,"CHI.P.COD.CPUE",-1.310488749,NA,NA
1987,"CHI.P.COD.CPUE",-0.353733738,NA,NA
1989,"CHI.P.COD.CPUE",0.187004506,NA,NA
1990,"CHI.P.COD.CPUE",-0.25077945,NA,NA
1992,"CHI.P.COD.CPUE",0.11807392,NA,NA
1995,"CHI.P.COD.CPUE",-0.574506905,NA,NA
1998,"CHI.P.COD.CPUE",0.200225858,NA,NA
2001,"CHI.P.COD.CPUE",-2,NA,NA
2002,"CHI.P.COD.CPUE",-0.573389898,NA,NA
2003,"CHI.P.COD.CPUE",0.190384605,NA,NA
2004,"CHI.P.COD.CPUE",-0.90741919,NA,NA
2005,"CHI.P.COD.CPUE",0.08869113,NA,NA
2006,"CHI.P.COD.CPUE",-0.330806039,NA,NA
2007,"CHI.P.COD.CPUE",0.262171822,NA,NA
2008,"CHI.P.COD.CPUE",0.937609377,NA,NA
2009,"CHI.P.COD.CPUE",-0.008061283,NA,NA
2010,"CHI.P.COD.CPUE",-0.27119309,NA,NA
2011,"CHI.P.COD.CPUE",-0.167207148,NA,NA
2012,"CHI.P.COD.CPUE",0.486928911,NA,NA
2013,"CHI.P.COD.CPUE",1.415839249,NA,NA
2014,"CHI.P.COD.CPUE",0.451758163,NA,NA
2015,"CHI.P.COD.CPUE",0.664195725,NA,NA
2016,"CHI.P.COD.CPUE",1.105638777,NA,NA
1972,"PAV.P.COD.CPUE",-1.51586747938942,NA,NA
1973,"PAV.P.COD.CPUE",-2,NA,NA
1974,"PAV.P.COD.CPUE",-2,NA,NA
1975,"PAV.P.COD.CPUE",-2,NA,NA
1976,"PAV.P.COD.CPUE",-1.67270476545439,NA,NA
1977,"PAV.P.COD.CPUE",0.0935549508332435,NA,NA
1978,"PAV.P.COD.CPUE",0.119515356933968,NA,NA
1979,"PAV.P.COD.CPUE",1.50932175896485,NA,NA
1980,"PAV.P.COD.CPUE",2.35041826444013,NA,NA
1981,"PAV.P.COD.CPUE",1.6838630906609,NA,NA
1982,"PAV.P.COD.CPUE",1.71032318054497,NA,NA
1983,"PAV.P.COD.CPUE",1.7124907063919,NA,NA
1984,"PAV.P.COD.CPUE",1.2918608103902,NA,NA
1985,"PAV.P.COD.CPUE",0.56656030812288,NA,NA
1986,"PAV.P.COD.CPUE",1.37446066876982,NA,NA
1987,"PAV.P.COD.CPUE",0.853945777815866,NA,NA
1988,"PAV.P.COD.CPUE",1.11921932750813,NA,NA
1989,"PAV.P.COD.CPUE",1.42766766703888,NA,NA
1990,"PAV.P.COD.CPUE",1.1893456257665,NA,NA
1991,"PAV.P.COD.CPUE",1.32781663485055,NA,NA
1992,"PAV.P.COD.CPUE",1.84180237593505,NA,NA
1993,"PAV.P.COD.CPUE",1.69154048869042,NA,NA
1994,"PAV.P.COD.CPUE",1.57914005093393,NA,NA
1995,"PAV.P.COD.CPUE",1.74406193546174,NA,NA
1996,"PAV.P.COD.CPUE",1.93824261867784,NA,NA
1997,"PAV.P.COD.CPUE",1.79780275763473,NA,NA
1998,"PAV.P.COD.CPUE",1.56391515892901,NA,NA
1999,"PAV.P.COD.CPUE",1.3554086948901,NA,NA
2000,"PAV.P.COD.CPUE",1.27344370332238,NA,NA
2001,"PAV.P.COD.CPUE",1.54596437028379,NA,NA
2002,"PAV.P.COD.CPUE",-1.53424437751367,NA,NA
2003,"PAV.P.COD.CPUE",1.34440267931319,NA,NA
2004,"PAV.P.COD.CPUE",1.90185749381863,NA,NA
2005,"PAV.P.COD.CPUE",0.155149355994531,NA,NA
2006,"PAV.P.COD.CPUE",0.916938150541583,NA,NA
2007,"PAV.P.COD.CPUE",0.541931272434589,NA,NA
2008,"PAV.P.COD.CPUE",-0.058187405618342,NA,NA
2009,"PAV.P.COD.CPUE",1.2257300302209,NA,NA
2010,"PAV.P.COD.CPUE",0.971550705115505,NA,NA
2011,"PAV.P.COD.CPUE",0.595573100937406,NA,NA
2012,"PAV.P.COD.CPUE",1.09076915012183,NA,NA
2013,"PAV.P.COD.CPUE",1.35859689530597,NA,NA
2014,"PAV.P.COD.CPUE",0.767336901980082,NA,NA
2015,"PAV.P.COD.CPUE",1.50289888534945,NA,NA
2017,"CHI.P.COD.CPUE",-0.0991748470343255,"WGOA","abundance"
2017,"CHI.EULACHON.CPUE",-0.995396854492228,"WGOA","abundance"
2017,"CHI.JELLY.CPUE",0.0339178379305279,"WGOA","abundance"
2017,"CHI.SHRIMP.CPUE",0.968834683146718,"WGOA","abundance"
2018,"CHI.P.COD.CPUE",0.110722773549875,"WGOA","abundance"
2018,"CHI.EULACHON.CPUE",-0.917786565429596,"WGOA","abundance"
2018,"CHI.JELLY.CPUE",-0.190141501179093,"WGOA","abundance"
2018,"CHI.SHRIMP.CPUE",1.38295041094896,"WGOA","abundance"
2019,"CHI.P.COD.CPUE",0.780942720427126,"WGOA","abundance"
2019,"CHI.EULACHON.CPUE",-2,"WGOA","abundance"
2019,"CHI.JELLY.CPUE",1.5412249066996,"WGOA","abundance"
2019,"CHI.SHRIMP.CPUE",1.4888870040625,"WGOA","abundance"
2017,"PAV.CAPELIN.CPUE",-2,"WGOA","abundance"
2017,"PAV.P.COD.CPUE",0.700521476818037,"WGOA","abundance"
2017,"PAV.EULACHON.CPUE",-1.59839553016823,"WGOA","abundance"
2017,"PAV.JELLY.CPUE",1.4329294427451,"WGOA","abundance"
2017,"PAV.SHRIMP.CPUE",-0.54431131883914,"WGOA","abundance"
2018,"PAV.CAPELIN.CPUE",-2,"WGOA","abundance"
2018,"PAV.P.COD.CPUE",0.487941829563271,"WGOA","abundance"
2018,"PAV.EULACHON.CPUE",-1.89041448799318,"WGOA","abundance"
2018,"PAV.JELLY.CPUE",-0.346296532049188,"WGOA","abundance"
2018,"PAV.SHRIMP.CPUE",0.449323919104808,"WGOA","abundance"
2019,"PAV.CAPELIN.CPUE",-2,"WGOA","abundance"
2019,"PAV.P.COD.CPUE",0.0831370270041702,"WGOA","abundance"
2019,"PAV.EULACHON.CPUE",-2,"WGOA","abundance"
2019,"PAV.JELLY.CPUE",0.738695507871064,"WGOA","abundance"
2019,"PAV.SHRIMP.CPUE",0.290025741807042,"WGOA","abundance"
